{"cameraMode":{"drawMode":0,"name":"Shaded","section":"Shading Mode"},"sceneLighting":true,"audioPlay":false,"sceneViewState":{"showFog":true,"showMaterialUpdate":false,"showSkybox":true,"showFlares":true,"showImageEffects":true,"showParticleSystems":true},"in2DMode":false,"pivot":{"x":26.562557220458986,"y":10.675969123840332,"z":2.6693015098571779},"rotation":{"x":-0.20025289058685304,"y":0.6889476776123047,"z":-0.20746779441833497,"w":-0.6649878621101379},"size":1.2565228939056397,"orthographic":false}