{"cameraMode":{"drawMode":0,"name":"Shaded","section":"Shading Mode"},"sceneLighting":true,"audioPlay":false,"sceneViewState":{"showFog":true,"showMaterialUpdate":false,"showSkybox":true,"showFlares":true,"showImageEffects":true,"showParticleSystems":true},"in2DMode":false,"pivot":{"x":6.507601737976074,"y":3.481339693069458,"z":1.3026185035705567},"rotation":{"x":0.12230980396270752,"y":-0.8665509223937988,"z":0.25953391194343569,"w":0.4083767235279083},"size":3.6400468349456789,"orthographic":false}