{"cameraMode":{"drawMode":0,"name":"Shaded","section":"Shading Mode"},"sceneLighting":false,"audioPlay":false,"sceneViewState":{"showFog":true,"showMaterialUpdate":false,"showSkybox":false,"showFlares":true,"showImageEffects":true,"showParticleSystems":true},"in2DMode":false,"pivot":{"x":-0.3199999928474426,"y":1.377656102180481,"z":-0.1502888798713684},"rotation":{"x":0.20412839949131013,"y":-0.27696219086647036,"z":0.06033659726381302,"w":0.9370074272155762},"size":3.4254655838012697,"orthographic":false}